id;title;date;abstract_desc;keywords;source;link
1;invoice infomediaries;2020-03-20;Avon 24/7;../fake-data/blob/hipster.txt;hub Palau viral;Soft Operations neural
2;navigate Maine hacking;2020-03-20;Implementation;../fake-data/blob/hipster.txt;Auto Loan Account optical Chicken;grey
3;pricing structure;2020-03-20;Rwanda Down-sized fault-tolerant;../fake-data/blob/hipster.txt;Chicken;CSS white orchid
4;AGP Cambridgeshire payment;2020-03-20;maximize invoice;../fake-data/blob/hipster.txt;Money Market Account Cheese;Executive
5;back up;2020-03-20;Computers;../fake-data/blob/hipster.txt;UIC-Franc;Games
6;Personal Loan Account;2020-03-20;Borders Tactics payment;../fake-data/blob/hipster.txt;orchid Savings Account Pataca;array microchip
7;Gorgeous Soft Tuna Beauty;2020-03-20;back up;../fake-data/blob/hipster.txt;COM indigo;Customer
8;Checking Account Chief;2020-03-20;New Mexico Small Plastic Gloves;../fake-data/blob/hipster.txt;Mozambique;mesh
9;initiative;2020-03-20;tertiary stable Tuna;../fake-data/blob/hipster.txt;Bike;technologies Berkshire
10;Cameroon Awesome Concrete Bike Bulgarian Lev;2020-03-20;Savings Account Indiana withdrawal;../fake-data/blob/hipster.txt;Senior Concrete internet solution;benchmark
