id;title;summary;reviewer
1;compressing Ball;Isle of Man Borders;contingency Ball open-source
2;Fantastic;methodical interface reinvent;Beauty Licensed
3;index bus;Zambian Kwacha;overriding programming
4;Cheese;monitor Sao Tome and Principe;Human Wyoming
5;Salad;JBOD;Tools invoice Refined
6;Communications;program;Inverse Rubber SQL
7;quantify functionalities forecast;Fort;National Unbranded Wooden Bacon invoice
8;pixel Steel;encompassing;tan Visionary Ameliorated
9;panel Cambridgeshire;Frozen Checking Account Islands;Small Plastic Mouse Granite
10;green;Credit Card Account;programming override
